{
  "responses": 8895,
  "rated_good_or_excellent": 8438,
  "nps": 9.260820685778528,
  "proportion": 0.9486228218100056
}