{
  "responses": 9107,
  "rated_good_or_excellent": 8642,
  "nps": 9.250796090919073,
  "proportion": 0.9489403755353025
}