{
  "responses": 4429,
  "rated_good_or_excellent": 4127,
  "nps": 9.20410927974712,
  "proportion": 0.9318130503499661
}