impact_type,scope,tCO2e
Audience travel,,0
Audience travel,Scope 3,55.2065859103
Energy,Scope 2,2.4854339999999997
Energy,Scope 3,0.9047260600000001
ALL,,0
ALL,Scope 2,2.4854339999999997
ALL,Scope 3,56.1113119703
ALL,ALL,58.5967459703
