impact_type,scope,tCO2e
Energy,Scope 2,2.4854339999999997
Energy,Scope 3,0.9047260600000001
ALL,Scope 2,2.4854339999999997
ALL,Scope 3,0.9047260600000001
ALL,ALL,3.39016006
